{"cameraMode":{"drawMode":0,"name":"Shaded","section":"Shading Mode"},"sceneLighting":true,"audioPlay":false,"sceneViewState":{"showFog":true,"showMaterialUpdate":false,"showSkybox":true,"showFlares":true,"showImageEffects":true,"showParticleSystems":true},"in2DMode":false,"pivot":{"x":-2.640000104904175,"y":1.1800000667572022,"z":9.704488754272461},"rotation":{"x":-0.18640471994876862,"y":0.3509485721588135,"z":-0.07150640338659287,"w":-0.9148635268211365},"size":4.0760345458984379,"orthographic":true}