{"cameraMode":{"drawMode":0,"name":"Shaded","section":"Shading Mode"},"sceneLighting":true,"audioPlay":false,"sceneViewState":{"showFog":true,"showMaterialUpdate":false,"showSkybox":true,"showFlares":true,"showImageEffects":true,"showParticleSystems":true},"in2DMode":false,"pivot":{"x":-0.2041015625,"y":0.69384765625,"z":0.377838134765625},"rotation":{"x":0.17471709847450257,"y":0.6909084320068359,"z":-0.17789074778556825,"w":0.6785826683044434},"size":7.711268901824951,"orthographic":false}